Series Name,Series Code,Country Name,Country Code,1990 [YR1990],2000 [YR2000],2008 [YR2008],2009 [YR2009],2010 [YR2010],2011 [YR2011],2012 [YR2012],2013 [YR2013],2014 [YR2014],2015 [YR2015],2016 [YR2016],2017 [YR2017]
Crecimiento de la población (% anual),SP.POP.GROW,El mundo árabe,ARB,3.66628499934696,2.11148597692737,2.46392053216866,2.44820103735421,2.40239318150495,2.35252747176797,2.30507262677273,2.2488442910042,2.18519686056942,2.11821040421212,2.04560093853713,1.97789218715714
Crecimiento de la población (% anual),SP.POP.GROW,Estados pequeos del Caribe,CSS,0.69745231823839,0.712174088712956,0.643593309864031,0.641290499418815,0.642146864616564,0.643261490105516,0.641725121930193,0.632713935524777,0.615138206978386,0.590128358397735,0.562446807388483,0.535810503442718
Crecimiento de la población (% anual),SP.POP.GROW,Europa Central y del Báltico,CEB,-0.0501979307477995,-0.638695660040483,-0.358131538445491,-0.192447805307978,-0.362709819221024,-0.353691942002371,-0.229154983893395,-0.213201830007392,-0.209757192601487,-0.230373722299447,-0.25509755679262,-0.259471532334544
Crecimiento de la población (% anual),SP.POP.GROW,inicial del dividendo demográfico,EAR,2.35476285188385,1.81500416789284,1.56648649229409,1.54660832543314,1.53454060652278,1.51216295022267,1.47830348044108,1.45590505074993,1.43176462811196,1.40528506166801,1.37738827211251,1.3489082577272
Crecimiento de la población (% anual),SP.POP.GROW,Asia oriental y el Pacífico,EAS,1.50871371556589,0.939572754222141,0.708464526470138,0.685699035489435,0.675179891102175,0.669637855248055,0.681756209614861,0.680719607941228,0.685266992402077,0.677444091842546,0.684098408862326,0.680298813363251
Crecimiento de la población (% anual),SP.POP.GROW,Asia oriental y el Pacífico (excluido altos ingresos),EAP,1.61792858796889,0.993977272474723,0.729361546268507,0.719395967961304,0.713163947749294,0.715699917687431,0.724506920964416,0.728028729973062,0.729857359221924,0.720105784284868,0.730385677177978,0.730981999161486
Crecimiento de la población (% anual),SP.POP.GROW,Asia oriental y el Pacífico (BIRF y la AIF),TEA,1.61944053538221,0.99559852909654,0.731778965761507,0.721923293651756,0.71559454912169,0.718069130155172,0.726955305910224,0.730533522563491,0.732491731179238,0.722790131811138,0.733369986356777,0.734114717427786
Crecimiento de la población (% anual),SP.POP.GROW,Zona del Euro,EMU,0.470723241785549,0.328448325224073,0.489880559394635,0.324929437531821,0.235742160355159,-0.214889434041282,0.22400678867713,0.340597383362834,0.338173340608677,0.315305568512628,0.319226551429793,0.248899237679765
Crecimiento de la población (% anual),SP.POP.GROW,Europa y Asia central,ECS,0.523059571873958,0.107267162477825,0.398401877800652,0.411126932397039,0.386712359561187,0.234230408952342,0.401876176130742,0.469607027124127,0.471887812284663,0.476465801187075,0.469469125431374,0.42333442101372
Crecimiento de la población (% anual),SP.POP.GROW,Europa y Asia central (excluido altos ingresos),ECA,0.670503743697907,0.0356786254683215,0.265532159986577,0.440016650856663,0.506042665418292,0.548480247260457,0.547739113169257,0.602701978571574,0.591417381320667,0.612139041561548,0.599877576988405,0.559308713819178
Crecimiento de la población (% anual),SP.POP.GROW,Europa y Asia central (BIRF y la AIF),TEC,0.641310456037701,-0.0894120297904522,0.240511376156633,0.401909399199923,0.429708821188029,0.469301321624215,0.492487350964836,0.537653897635423,0.525391516064275,0.541390513608221,0.533940651190392,0.498126209586246
Crecimiento de la población (% anual),SP.POP.GROW,Unión Europea,EUU,0.338631354365006,0.131161921394465,0.378429086399265,0.300809386287028,0.219177950898654,-0.0804397316221781,0.218678052975491,0.297666953724601,0.310441465812588,0.299827897176996,0.294551544199351,0.243013287300613
Crecimiento de la población (% anual),SP.POP.GROW,Frágiles y situaciones de conflicto afectados,FCS,3.37681885612928,2.46055906450573,2.49146913619546,2.46982309898685,2.44905007387078,2.42956709076483,2.41049024955011,2.39684473473918,2.38288549687987,2.37416275054041,2.37432993934605,2.36795885510392
Crecimiento de la población (% anual),SP.POP.GROW,Países pobres muy endeudados (PPME),HPC,2.95695280258302,2.8222347934469,2.83306612748859,2.83321682774331,2.83907573196774,2.84479233499046,2.84473072462148,2.83775841737062,2.82220669459421,2.80061869717436,2.77719886659204,2.75439457819195
Crecimiento de la población (% anual),SP.POP.GROW,Ingreso alto,HIC,0.805795199368703,0.63244793558566,0.836624508090182,0.746886927462171,0.671513608271937,0.487501938959582,0.616516998595145,0.618684945878428,0.627685011514117,0.611316107539324,0.601238080518442,0.557797778045227
Crecimiento de la población (% anual),SP.POP.GROW,Sólo BIRF,IBD,1.69725665801246,1.19028140199113,1.01722169482376,1.02028613911074,1.00501653181931,1.0028856211799,1.00796540291532,1.00304527689137,0.988646534521237,0.969602761931455,0.956395352972805,0.937003693830235
Crecimiento de la población (% anual),SP.POP.GROW,BIRF y la AIF,IBT,1.9041428249392,1.45381348499308,1.32087505624095,1.32479508860892,1.31996760467632,1.31919388418933,1.31862359918154,1.3167037617644,1.30680432531291,1.29304230376377,1.28384227695024,1.26913013001877
Crecimiento de la población (% anual),SP.POP.GROW,mezcla de la AIF,IDB,2.79784558685965,2.30519995166316,2.32790985623343,2.3485653700495,2.43522910311633,2.43966307956967,2.36977712300074,2.37231317548525,2.36287789463891,2.33946976857138,2.30913771525543,2.27654322961412
Crecimiento de la población (% anual),SP.POP.GROW,Sólo AIF,IDX,2.7498164131257,2.49611293101579,2.34492067231191,2.32522120772687,2.30704428461874,2.2900157133277,2.27679354838224,2.26797210139171,2.25995941974016,2.25628236831517,2.25659669421341,2.25253590259507
Crecimiento de la población (% anual),SP.POP.GROW,total de la AIF,IDA,2.76594561659263,2.43258717582849,2.33931604813105,2.332911648552,2.34927962139398,2.33936410458016,2.30748628317986,2.30243477727612,2.29397544623733,2.28379551235049,2.27398340800704,2.26048306445144
Crecimiento de la población (% anual),SP.POP.GROW,avanzada del dividendo demográfico,LTE,1.39714513704887,0.766251509044508,0.618601078046595,0.631190744664465,0.603645894459376,0.607398243535755,0.618275682654328,0.622203515762919,0.619958002091465,0.606590868008468,0.611165265745697,0.603126295316841
Crecimiento de la población (% anual),SP.POP.GROW,América Latina y el Caribe,LCN,1.87414658455009,1.45071599414234,1.24965200313073,1.23149251825845,1.20967169612123,1.1833785752811,1.16161886169195,1.13795146683646,1.10768163490471,1.0774835846924,1.04605032904045,1.01523327595044
Crecimiento de la población (% anual),SP.POP.GROW,América Latina y el Caribe (excluido altos ingresos),LAC,1.94040967570021,1.50504098060993,1.29223629227535,1.27182380898157,1.24689028720432,1.22179867435976,1.1974974760421,1.17084998794179,1.14150372235942,1.11024094013132,1.07809660379968,1.04614375863949
Crecimiento de la población (% anual),SP.POP.GROW,América Latina y el Caribe (BIRF y la AIF),TLA,1.90722014222719,1.48595441504591,1.28643289004648,1.26671297978895,1.24257773739862,1.21815976386711,1.19452294919513,1.16878742717168,1.1407119597346,1.11092279981226,1.08034457025083,1.04979958157492
Crecimiento de la población (% anual),SP.POP.GROW,Países menos desarrollados: clasificación de las Naciones Unidas,LDC,2.7456423722618,2.55706673661396,2.37084377278637,2.37391467922279,2.39321582064476,2.41592108762218,2.43016381310279,2.43373210980732,2.42281224269784,2.40194513437882,2.37884977915645,2.35841502742645
Crecimiento de la población (% anual),SP.POP.GROW,Ingreso mediano y bajo,LMY,1.96830287922478,1.47667872516681,1.32944046055856,1.33309965054546,1.33074800385849,1.33011887871663,1.32774943241934,1.32621761326949,1.31639020909684,1.30266446115938,1.29309707678755,1.27819936524214
Crecimiento de la población (% anual),SP.POP.GROW,Países de ingreso bajo,LIC,2.842827938607,2.73060739843632,2.78378391980124,2.74784817328451,2.70085428653104,2.6507671057778,2.6089275013064,2.58159096056245,2.57296303687404,2.5769373097516,2.58079474828243,2.58062880958256
Crecimiento de la población (% anual),SP.POP.GROW,Países de ingreso mediano bajo,LMC,2.2954786863592,1.7707076260008,1.5662943223828,1.5535881989625,1.55491535487072,1.54432821359558,1.5218023979608,1.51006522427576,1.48665733577604,1.46760133037506,1.44411824315362,1.41815789470165
Crecimiento de la población (% anual),SP.POP.GROW,Oriente Medio y Norte de África,MEA,3.52048488465972,1.95337785693066,2.19874340102182,2.20240119465484,2.15246674443969,2.11061954465346,2.0701779662152,2.01836035513546,1.95592113388206,1.88700741979133,1.80969281552585,1.73659847818475
Crecimiento de la población (% anual),SP.POP.GROW,Oriente Medio y Norte de África (excluido altos ingresos),MNA,3.53532970786459,1.85441845591818,1.82864370182759,1.84148760279031,1.84911277824853,1.85960338696445,1.8646117564747,1.85107026179017,1.81506148509985,1.7645243002719,1.70628952011138,1.65437831367737
Crecimiento de la población (% anual),SP.POP.GROW,Oriente Medio y Norte de África (BIRF y la AIF),TMN,2.63662358295662,1.8467624813259,1.81645819268712,1.8292046382587,1.83670410356234,1.84601639708997,1.85081287028959,1.83721171583002,1.8009385401219,1.75003923599959,1.6914232944051,1.63869142875687
Crecimiento de la población (% anual),SP.POP.GROW, Ingreso mediano,MIC,1.88996334799813,1.34983097803666,1.16346678204103,1.16905865940487,1.16940415249678,1.17224503657989,1.17235575890098,1.17179175368169,1.1596628640626,1.14150898418768,1.12793252243529,1.1087452671632
Crecimiento de la población (% anual),SP.POP.GROW,América del Norte,NAC,1.17280028030366,1.09607677132676,0.963836921671145,0.90713649505598,0.86442854267132,0.769579828408553,0.796699338709075,0.757796936867507,0.788482346869017,0.766347444417306,0.78397150385878,0.766346131500711
Crecimiento de la población (% anual),SP.POP.GROW,No clasificado,INX,..,..,..,..,..,..,..,..,..,..,..,..
Crecimiento de la población (% anual),SP.POP.GROW,Miembros OCDE,OED,0.854422526523948,0.686237780281743,0.784916874651316,0.716202940939525,0.662655288960835,0.51286812773246,0.630027210029269,0.648989147533868,0.66860421765935,0.656619566307953,0.654998901016143,0.624046710657439
Crecimiento de la población (% anual),SP.POP.GROW,Otros Estados pequeos,OSS,2.317132470677,1.8962070846071,2.69515506717457,2.64341643313651,2.54391310171425,2.41022850945632,2.33993499441212,2.26477723337375,2.20558468933363,2.16335437882348,2.09547713889641,2.02753519366929
Crecimiento de la población (% anual),SP.POP.GROW,Estados pequeos de las Islas del Pacfico,PSS,1.39622614411314,1.15189242412383,1.36880448304161,1.36860141258521,1.3391845707483,1.29474964048532,1.27231455129231,1.26566395074535,1.27880106693566,1.26626022018857,1.2683582348964,1.26892365653288
Crecimiento de la población (% anual),SP.POP.GROW,posterior al dividendo demográfico,PST,0.640943509966021,0.490810746010268,0.60753627490044,0.517026950726063,0.46944980550974,0.272801308172973,0.432555323376022,0.450972699311109,0.466037092890147,0.462805048315033,0.4593742660945,0.416796639495814
Crecimiento de la población (% anual),SP.POP.GROW,previa al dividendo demográfico,PRE,2.87575535952075,2.79757061055538,2.91541138258337,2.92603228763507,2.94203288034079,2.95770270551481,2.96523461187948,2.96099134986021,2.94250686007886,2.91450210240625,2.88381924190047,2.85540810845559
Crecimiento de la población (% anual),SP.POP.GROW,Pequeños Estados,SST,1.86318364961964,1.58135343774251,2.18804193622337,2.15665650357644,2.08825384379124,1.99262404644323,1.94373903258808,1.89014124520386,1.84750286995543,1.81426637156865,1.76189385706094,1.70921284106149
Crecimiento de la población (% anual),SP.POP.GROW,Asia meridional,SAS,2.22873711003271,1.86900021661928,1.5081948074359,1.47093236313506,1.43953503057419,1.40984390214555,1.37966477942639,1.35361739896986,1.32626360298084,1.29814947533346,1.27243267472549,1.24520019663068
Crecimiento de la población (% anual),SP.POP.GROW,Asia meridional (BIRF y la AIF),TSA,2.22873711003271,1.86900021661928,1.5081948074359,1.47093236313506,1.43953503057419,1.40984390214555,1.37966477942639,1.35361739896986,1.32626360298084,1.29814947533346,1.27243267472549,1.24520019663068
Crecimiento de la población (% anual),SP.POP.GROW,África al sur del Sahara,SSF,2.8255914956278,2.67457341990959,2.75831442400984,2.76643247533114,2.77236473032633,2.7758399700861,2.77718722548128,2.77163881434981,2.75878094134121,2.74071909274289,2.72035518884783,2.6998290709235
Crecimiento de la población (% anual),SP.POP.GROW,África al sur del Sahara (excluido altos ingresos),SSA,2.8259156458294,2.67479231834542,2.75836667363846,2.76668083640618,2.77235866602399,2.77638933299249,2.77736090282532,2.77172527412253,2.75889341732704,2.7407644376722,2.72048278717287,2.69996362642253
Crecimiento de la población (% anual),SP.POP.GROW,África al sur del Sahara (BIRF y la AIF),TSS,2.8255914956278,2.67457341990959,2.75831442400984,2.76643247533114,2.77236473032633,2.7758399700861,2.77718722548128,2.77163881434981,2.75878094134121,2.74071909274289,2.72035518884783,2.6998290709235
Crecimiento de la población (% anual),SP.POP.GROW,Ingreso mediano alto,UMC,1.51447271035154,0.928848800315336,0.731458090057117,0.753255748664003,0.749228383205079,0.76346163240737,0.785466492606446,0.794536617219066,0.792397691121423,0.772734287947202,0.767895540354274,0.754056384223816
Crecimiento de la población (% anual),SP.POP.GROW,Mundo,WLD,1.73815177676386,1.32185614088213,1.24300651652638,1.23069773541629,1.21614075100614,1.18441897863303,1.20561474389389,1.20542548185456,1.1994940206521,1.18598267637002,1.17699227017458,1.15799262263741
Crecimiento de la población (% anual),SP.POP.GROW,Afganistán,AFG,3.92534213599438,3.49465873827217,2.5125738785155,2.5691143189101,2.81261695888044,3.095118614892,3.27270292128737,3.3152241309788,3.18320145523634,2.94323418503806,2.6891634730922,2.49078956147291
Crecimiento de la población (% anual),SP.POP.GROW,Albania,ALB,1.79908559333186,-0.637356833943492,-0.767342959142321,-0.673894046451936,-0.49646196338738,-0.269017331764615,-0.165151040121679,-0.183211384606402,-0.207046999760594,-0.291205786840436,-0.159880412127734,-0.0919722937442495
Crecimiento de la población (% anual),SP.POP.GROW,Argelia,DZA,2.55903939357211,1.34966344449041,1.62129805825395,1.72071735074783,1.82135815863613,1.92478657981558,2.00661417637038,2.03609172423878,2.00066645791365,1.91995902410572,1.82546343244561,1.73845575841731
Crecimiento de la población (% anual),SP.POP.GROW,Samoa Americana,ASM,3.1201589714962,1.31420813363362,-1.51917515397331,-1.4180376590663,-1.05486210207446,-0.571394076048246,-0.162822288346136,0.139319888281354,0.234775806748866,0.180222443215116,0.111575018773335,0.0755124091976669
Crecimiento de la población (% anual),SP.POP.GROW,Andorra,AND,3.85436230887431,1.57216555086599,1.41466476822685,0.714106276606596,-0.0153927216411839,-0.829969092507289,-1.58865311753287,-2.01331401109279,-1.95617789444492,-1.53783629385106,-0.944016798404803,-0.409735671709634
Crecimiento de la población (% anual),SP.POP.GROW,Angola,AGO,2.86872139439362,3.03294341513484,3.56344784206319,3.56682098343689,3.57009863798221,3.5703524379835,3.55949601038819,3.53182419107337,3.48541253470949,3.42802067046523,3.36757213106932,3.31350733468527
Crecimiento de la población (% anual),SP.POP.GROW,Antigua y Barbuda,ATG,0.103508031113164,2.11959692922449,1.19331990037546,1.18565930323636,1.14747171215348,1.11147273015805,1.0992546896492,1.07605829638154,1.06864803793939,1.05434632980079,1.03542237041134,1.0336340333283
Crecimiento de la población (% anual),SP.POP.GROW,Argentina,ARG,1.43456631637287,1.11087530478963,1.02589971759083,1.02737729041769,1.0350371425283,1.04485986238761,1.05037622160469,1.04727674680202,1.03270928221435,1.00985496040526,0.984741905647839,0.96146530564866
Crecimiento de la población (% anual),SP.POP.GROW,Armenia,ARM,0.0479459441291266,-0.630956668163901,-0.850367271208761,-0.677479352556589,-0.391023921304488,-0.0601436652086919,0.220269188354708,0.401251977426153,0.438331527278028,0.368528212088839,0.269302288175516,0.192442213171759
Crecimiento de la población (% anual),SP.POP.GROW,Aruba,ABW,1.81364109347592,2.0550267831539,0.1313107068666,0.0986164197354338,0.212680144365572,0.376984768239015,0.512144988851461,0.592914005394165,0.587492389430341,0.524658158569933,0.459929191971747,0.420780682346729
Crecimiento de la población (% anual),SP.POP.GROW,Australia,AUS,1.47997801595662,1.19227232344832,2.00402174031569,2.0610451296841,1.55548958906995,1.38952731561803,1.78544535033273,1.75833807698328,1.53587885355185,1.46405981561408,1.49820974240174,1.5903881678407
Crecimiento de la población (% anual),SP.POP.GROW,Austria,AUT,0.762001611316115,0.240466652446524,0.313041437661508,0.261953189906348,0.240394299500766,0.337080841831645,0.45593747231891,0.589387254692989,0.781541632525841,1.12099250236958,1.08139629872802,0.826911085320376
Crecimiento de la población (% anual),SP.POP.GROW,Azerbaiyán,AZE,0.449521196384277,0.821519963674211,2.09985403259251,2.07614826384645,1.18978770786007,1.30300085487651,1.32876382733755,1.29344702700591,1.24820899735588,1.19120985807018,1.11785721013911,1.06642921950552
Crecimiento de la población (% anual),SP.POP.GROW,Bahamas,BHS,1.76593823380128,1.46013664991475,1.83737824591945,1.75689491400214,1.6700402670639,1.57715669462138,1.48146444898241,1.38829021880535,1.29813294741223,1.21430815894272,1.12947336670266,1.04985371711888
Crecimiento de la población (% anual),SP.POP.GROW,Bahrein,BHR,3.03824413546607,4.31513063667666,7.32246983377223,6.12806225768925,4.60390525330931,2.97005195448971,1.70243546748316,1.16179907111335,1.58280223356287,2.61866519263615,3.81279679337586,4.62170395867266
Crecimiento de la población (% anual),SP.POP.GROW,Bangladesh,BGD,2.46872372653355,1.95819376686796,1.12631778923329,1.10199011584237,1.11988788804906,1.15194904928732,1.17243498017455,1.17731889208496,1.15718802793056,1.12014425853279,1.08016523912062,1.04889803870797
Crecimiento de la población (% anual),SP.POP.GROW,Barbados,BRB,0.352421916337976,0.343375698626051,0.422427177799824,0.414186551174904,0.393879790063157,0.368459991630948,0.350062436580856,0.327605266641372,0.309598864704529,0.293163377114116,0.273711417814496,0.253366526820706
Crecimiento de la población (% anual),SP.POP.GROW,Belarús,BLR,0.186649693167965,-0.471131334643547,-0.345415054298517,-0.222960730145107,-0.170360662064171,-0.18362402269138,-0.0916374821376228,0.0158685786206804,0.0899025577714443,0.159300801922472,0.125511109801562,0.0667143332566244
Crecimiento de la población (% anual),SP.POP.GROW,Bélgica,BEL,0.298235706313592,0.242517956221334,0.789976845480149,0.804599572619861,0.913639391631709,1.38684911331611,0.726031655132031,0.489184301296706,0.234370843738166,0.579446241677791,0.506300002451376,0.358059870317671
Crecimiento de la población (% anual),SP.POP.GROW,Belice,BLZ,2.20104244006121,3.40904951371787,2.56658458146147,2.50426733766847,2.41665669265084,2.33077545537502,2.25541289945294,2.1972385623403,2.15937975511087,2.13628159472158,2.11122043120101,2.08384976822079
Crecimiento de la población (% anual),SP.POP.GROW,Benin,BEN,3.23505898317491,2.98399477560651,2.82352171141544,2.80933688387249,2.80610884361564,2.80342201500857,2.79704040529129,2.79025324304921,2.78228712901218,2.77297792645726,2.76353418122718,2.75229761863942
Crecimiento de la población (% anual),SP.POP.GROW,Bermudas,BMU,0.824255196206725,0.894182915884811,0.593330045617058,0.556125810059283,-0.780059723322568,-0.8598980406609,0.362431076141512,0.313281274113408,0.21230442608573,0.153517861803243,0.15634819663084,0.153043265331121
Crecimiento de la población (% anual),SP.POP.GROW,Bhután,BTN,1.31575792113888,2.80718263873439,2.01634028322176,1.90876554623359,1.82835814221659,1.75313433065499,1.66822641327716,1.58034499964665,1.49048210511718,1.39889251300037,1.30954695486792,1.22652008648406
Crecimiento de la población (% anual),SP.POP.GROW,Bolivia,BOL,1.96184442800323,1.89810654596445,1.66390596320717,1.64161193150071,1.62115743418645,1.60131763599792,1.58154850458483,1.56268411847736,1.54465176979555,1.52722504697993,1.51004690627574,1.49247861908284
Crecimiento de la población (% anual),SP.POP.GROW,Bosnia y Herzegovina,BIH,-0.963901298875596,0.201652405671478,-0.275976649897051,-0.453732789463545,-0.655462607580553,-0.89649038153067,-1.10849273909632,-1.19124019263136,-1.08764130510763,-0.845996499047934,-0.542908049545518,-0.279021621309928
Crecimiento de la población (% anual),SP.POP.GROW,Botswana,BWA,2.81803323114668,1.66143389899647,1.65447669072993,1.70809094821131,1.75154449757078,1.79400587122183,1.83435103995214,1.85845339232399,1.86485525679638,1.85597535367525,1.84166640095137,1.82311170583398
Crecimiento de la población (% anual),SP.POP.GROW,Brasil,BRA,1.79718857171446,1.45290130985506,1.01686459142158,0.988453746375053,0.970296367127195,0.956012573780753,0.938920327153704,0.917022961079203,0.887563333488748,0.85279920625178,0.817555711392756,0.784485491359962
Crecimiento de la población (% anual),SP.POP.GROW,Islas Vírgenes Británicas,VGB,3.46748375187622,2.23847908600376,3.46910718474356,3.23941410417464,2.89562068771012,2.45635932803024,2.15572964183808,1.9005175521595,1.81438713067385,1.75880984776831,1.8034516494521,1.72983927704264
Crecimiento de la población (% anual),SP.POP.GROW,Brunei Darussalam,BRN,2.84989471380065,2.10824602200169,1.16375982567016,1.18477344674056,1.26614450607904,1.36738323682896,1.44504448971225,1.48190588685306,1.46512370980213,1.40804934924395,1.34502906699947,1.29149469752361
Crecimiento de la población (% anual),SP.POP.GROW,Bulgaria,BGR,-1.80375047906806,-0.493896416633318,-0.70192274454598,-0.644281362547054,-0.658275446635908,-0.641228920515067,-0.579220596364389,-0.559647217410859,-0.568389264052903,-0.638069468160719,-0.701382097841331,-0.729821352336656
Crecimiento de la población (% anual),SP.POP.GROW,Burkina Faso,BFA,2.6591515773542,2.84188512544412,3.0249616647606,3.02644966750874,3.01924468828771,3.00893832758689,2.99725496812202,2.98148293269498,2.96197793879113,2.93969043058942,2.91561403403432,2.89106643716766
Crecimiento de la población (% anual),SP.POP.GROW,Burundi,BDI,2.53188733197891,1.92071203570626,3.37691512405289,3.31462128178905,3.2211828553465,3.10604641410092,3.00843601052626,2.96509609525352,2.99226468715451,3.06110289439754,3.1353331460468,3.18076415463639
Crecimiento de la población (% anual),SP.POP.GROW,Cabo Verde,CPV,1.9788938496303,2.04194871314157,1.08060972132789,1.06000268316194,1.08491908678436,1.1248561132471,1.15690799438352,1.18502283661085,1.2099029339253,1.22265175312115,1.23958087754992,1.25753534812847
Crecimiento de la población (% anual),SP.POP.GROW,Camboya,KHM,3.21828308461176,2.23605681628473,1.47924826714618,1.49944621683363,1.53904513328844,1.58875301356829,1.63047802210168,1.64990082390915,1.63799953482268,1.60352658015741,1.56483347115177,1.52990245330362
Crecimiento de la población (% anual),SP.POP.GROW,Camerún,CMR,2.97204170735279,2.53505198831511,2.74326116054422,2.74163849980887,2.7306902313796,2.71658693897421,2.7015959133753,2.68316290755262,2.66187609259836,2.63853608129366,2.61358514949048,2.58805882261683
Crecimiento de la población (% anual),SP.POP.GROW,Canadá,CAN,1.49359310901388,0.882998576899551,1.08219708560653,1.14484018257099,1.11395972071239,0.987617711325488,1.18034479940777,1.14967859626918,1.08358780888313,0.832774622172532,1.19865035219857,1.21548069054233
Crecimiento de la población (% anual),SP.POP.GROW,Islas Caimán,CYM,5.05990763541791,4.61214324842011,2.76430554164093,2.52427003003843,2.23717271202146,1.91287527021643,1.65469761971836,1.4634323332717,1.36292658726405,1.32792483083515,1.32862599844228,1.29820992014846
Crecimiento de la población (% anual),SP.POP.GROW,República Centroafricana,CAF,2.30935339484764,2.11211682125993,1.61433731318801,1.3450850230465,1.00071378122449,0.619139161234674,0.318137562535434,0.205493489548696,0.349172211364049,0.67777177431409,1.06165488996168,1.39317323056446
Crecimiento de la población (% anual),SP.POP.GROW,Chad,TCD,3.22030190151235,3.67113450125195,3.2696663913238,3.25982614973354,3.28730923098424,3.32137943094431,3.33300889359437,3.31667519978018,3.26470636520054,3.19094027239369,3.11409244065461,3.04904250329055
Crecimiento de la población (% anual),SP.POP.GROW,Islas del Canal,CHI,0.814419867650512,0.700379365944637,0.680053815741932,0.646461275217136,0.614740577736012,0.572362049666503,0.535024811703333,0.508133059278227,0.485316915399181,0.482972961342561,0.477005098801943,0.4686916463612
Crecimiento de la población (% anual),SP.POP.GROW,Chile,CHL,1.64717889491164,1.22482612604997,1.02707608062939,1.00026560008729,0.969247386946243,0.937157145461321,0.90757975844492,0.881363072506295,0.859924596072624,0.841711121116545,0.824579725656753,0.806199812779572
Crecimiento de la población (% anual),SP.POP.GROW,China,CHN,1.46730321087928,0.787956592953992,0.51238693163744,0.497381400884935,0.482959688678361,0.47915045424996,0.487231117971201,0.49370963351136,0.506311591779847,0.508136747291937,0.541478512050099,0.559121331017265
Crecimiento de la población (% anual),SP.POP.GROW,Colombia,COL,1.90626991384478,1.45765584723881,1.18055790061674,1.13962695552746,1.09908582748666,1.05833722190461,1.01799263503797,0.979596402315745,0.943782712812734,0.909781810042258,0.876786631887371,0.843640031809536
Crecimiento de la población (% anual),SP.POP.GROW,Comoras,COM,2.94933029459299,2.52234002212069,2.40362836509593,2.40871905647315,2.41254187719426,2.41757407753107,2.41881934220997,2.40661062566515,2.38337335884995,2.34769949129974,2.31119138125652,2.27544481582807
Crecimiento de la población (% anual),SP.POP.GROW,"Congo, República Democrática del",COD,3.37617150649019,2.53354624805977,3.29354920010098,3.3164410062276,3.33093595752052,3.33829597760212,3.33887151187946,3.33236685630567,3.31917585896345,3.30041641381667,3.27853356948562,3.25353256258409
Crecimiento de la población (% anual),SP.POP.GROW,"Congo, República del",COG,2.71845109475597,2.81005608498428,3.44063812483873,3.30474741427904,3.07836267516329,2.8326651638626,2.63806624365531,2.51548838854741,2.48821513602493,2.52471438446134,2.57235739004817,2.59828948200411
Crecimiento de la población (% anual),SP.POP.GROW,Costa Rica,CRI,2.51985957233643,1.97378061402252,1.36470255141975,1.31772502752137,1.26235646760236,1.2070009772219,1.15939368812774,1.11702184987411,1.08145876014323,1.05123300830337,1.02269604671747,0.993448432960628
Crecimiento de la población (% anual),SP.POP.GROW,Côte d'Ivoire,CIV,3.55545022816475,2.3424262725271,2.13591874652655,2.22343230000558,2.30546426353247,2.39246359128,2.47350637389809,2.52501635631214,2.53976657207964,2.52916307814285,2.51035356841854,2.49574384006031
Crecimiento de la población (% anual),SP.POP.GROW,Croacia,HRV,0.272337028067604,-2.85097260126899,-0.0336395618846142,-0.122523788437248,-0.255390215675652,..,-0.305655944795909,-0.278509062850129,-0.407343184777633,-0.824099163913538,-0.69838345731273,-1.17227156416102
Crecimiento de la población (% anual),SP.POP.GROW,Cuba,CUB,0.907252507633805,0.365954100876403,0.0536583542997234,0.0782027686936515,0.127575695775601,0.190411585326548,0.241854764348494,0.263407959328091,0.24155516482978,0.189204123880734,0.126866977694588,0.0753812498408372
Crecimiento de la población (% anual),SP.POP.GROW,Curacao,CUW,-1.05153583877637,-4.07538613162288,1.25822530732751,0.65115206175087,1.26551415533004,1.42089766276671,0.829929595036991,1.13367890654299,1.34764139563651,1.31959390251523,1.05969012334497,0.842597375598035
Crecimiento de la población (% anual),SP.POP.GROW,Chipre,CYP,2.05191766408085,1.84412951630261,1.66425395533783,1.51523403081569,1.31463527588501,1.09304480245484,0.905091675899622,0.775270474210955,0.732777573913945,0.750102726229635,0.784179797412071,0.802327688150641
Crecimiento de la población (% anual),SP.POP.GROW,República Checa,CZE,-0.267830773210837,-0.280414108078884,0.829412602993033,0.569729451418061,0.29136167418042,0.206747667335417,0.139925655740972,0.0331699460503076,0.105277581527518,0.196588748472653,0.192048415842684,0.236236119951628
Crecimiento de la población (% anual),SP.POP.GROW,Dinamarca,DNK,0.162456320242469,0.334233618829261,0.587547590258978,0.535079062079429,0.444197154509531,0.411737855195019,0.376272242619955,0.416901360752097,0.507053283010163,0.706423849687002,0.780392644135167,0.723509852657168
Crecimiento de la población (% anual),SP.POP.GROW,Djibouti,DJI,4.59837980780226,2.46682603372233,1.65802996457734,1.67568902648141,1.6950783409916,1.72284809228897,1.74554348926582,1.74403829254043,1.7111823002921,1.65802693414011,1.59586474829091,1.54290020553782
Crecimiento de la población (% anual),SP.POP.GROW,Dominica,DMA,-0.444545214676074,-0.325264115851442,0.174618418729186,0.217845106987144,0.295789770502838,0.388382555565546,0.453528135091203,0.492925591685974,0.520741233781453,0.526244876233154,0.519410867489735,0.518079657182656
Crecimiento de la población (% anual),SP.POP.GROW,República Dominicana,DOM,1.97819221501496,1.57150232749946,1.38101434107191,1.35269141295849,1.32442393441488,1.2959727845097,1.2670342421337,1.23650507824583,1.20412492848268,1.17082264902617,1.13705666898043,1.1039350496137
Crecimiento de la población (% anual),SP.POP.GROW,Ecuador,ECU,2.38395465940111,1.83728637652126,1.68997756232997,1.67280995561794,1.64329146840027,1.61178195206002,1.58391933577492,1.55647646823069,1.53063409440029,1.50564448525114,1.47991740816496,1.452861287257
Crecimiento de la población (% anual),SP.POP.GROW,"Egipto, República Árabe de",EGY,2.47880267165805,1.84701635479028,1.765411904852,1.84946055307198,1.97227751619681,2.10584322644217,2.20570450251612,2.24552645797034,2.20814280790223,2.11829482521685,2.01678945593273,1.92973523296491
Crecimiento de la población (% anual),SP.POP.GROW,El Salvador,SLV,1.32252636788599,0.725902079411965,0.439995671208227,0.44049600370466,0.444647422190366,0.452110174302421,0.462163675828822,0.473556778840406,0.485351774818735,0.496901567748348,0.509497673280554,0.520823416513904
Crecimiento de la población (% anual),SP.POP.GROW,Guinea Ecuatorial,GNQ,3.02240408235629,4.05034018265162,4.60586370586858,4.57940333690725,4.51562162024935,4.4405499472586,4.35932769367207,4.25566456544095,4.12842100344897,3.98913883841991,3.84722683900242,3.71241327666878
Crecimiento de la población (% anual),SP.POP.GROW,Eritrea,ERI,1.34325218633447,2.70478428961006,1.89140631545729,1.81904284942405,1.85051574340403,1.89165228375533,..,..,..,..,..,..
Crecimiento de la población (% anual),SP.POP.GROW,Estonia,EST,0.0664901906843683,0.483707161729931,-0.268133719541207,-0.192768077420229,-0.22805796852935,-0.303582823643979,-0.357944411443807,-0.355891802625531,-0.262256175097854,0.0655525295417938,0.0291122255540077,-0.0235627663777683
Crecimiento de la población (% anual),SP.POP.GROW,Etiopía,ETH,3.44334745723637,2.89289089660225,2.66115407574631,2.64706540460822,2.64159447665885,2.63767029296574,2.6275988813792,2.60893046744012,2.57906830567915,2.54146861870415,2.50182137816318,2.46369925432305
Crecimiento de la población (% anual),SP.POP.GROW,Islas Feroe,FRO,0.269303760487001,0.68156747731428,0.0763413941525995,0.065978023465153,0.0679942746172886,0.11939316760284,0.119250790290035,0.16630227724863,0.194694135627489,0.25151587277339,0.309944988241357,0.351601366211501
Crecimiento de la población (% anual),SP.POP.GROW,Fiji,FJI,0.551041406675635,0.584652750821437,1.01636483602929,1.01775955242802,0.932645433767047,0.826391645700175,0.747986174607605,0.697996515515594,0.689997362346706,0.713519398486428,0.738287654896347,0.747345050746054
Crecimiento de la población (% anual),SP.POP.GROW,Finlandia,FIN,0.443382073914297,0.2076065154133,0.465549284507694,0.478246393482911,0.457494535465831,0.463558707499131,0.475809486683209,0.460723772785295,0.413560207519414,0.329383885818507,0.287421401687637,0.290734696421765
Crecimiento de la población (% anual),SP.POP.GROW,Francia,FRA,0.565757637987883,0.684929253818552,0.558859001300406,0.514487918627095,0.49402976972961,0.483651043353276,0.483982311686857,0.514774024594539,0.479814388342675,0.417238030192745,0.399244807338297,0.38645078799135
Crecimiento de la población (% anual),SP.POP.GROW,Polinesia Francesa,PYF,2.10028936415239,1.83157328671669,0.987076839950676,0.908546986491953,0.839523416855172,0.7525195323551,0.686924957036211,0.669443526021069,0.712555745989082,0.797583290011742,0.902680094875652,0.993944778935653
Crecimiento de la población (% anual),SP.POP.GROW,Gabón,GAB,2.72419836594663,2.49604326348165,3.12148145628024,3.22412430194308,3.31338623417802,3.40972188563286,3.45821476957591,3.38322762671116,3.1652928567747,2.86218185753278,2.53780856758881,2.26485945338282
Crecimiento de la población (% anual),SP.POP.GROW,Gambia,GMB,3.96838180748951,3.00146456478242,3.16272738437617,3.15924136769712,3.15714056163095,3.15360208159139,3.14311845614476,3.12464566543281,3.0992828967515,3.06731218623717,3.0335802199687,2.99930505139305
Crecimiento de la población (% anual),SP.POP.GROW,Georgia,GEO,-0.0270683894920024,-0.771072946015597,-1.28206884290614,-1.29871955268112,-1.31580845775111,-1.3075433048959,-1.29871955268112,-1.28932189952449,-1.30616277861329,-0.265982612716282,0.0591684165505642,-0.0591684165505705
Crecimiento de la población (% anual),SP.POP.GROW,Alemania,DEU,0.861969448764933,0.135431600393084,-0.190142844695674,-0.253383410163402,-0.153198446937304,-1.8537146287573,0.187727800567293,0.272900214681538,0.416877359168292,0.865702643950251,0.807218538573871,0.419684693682261
Crecimiento de la población (% anual),SP.POP.GROW,Ghana,GHA,2.73306574674798,2.46508842286575,2.60207261186049,2.56437492095619,2.51282973900612,2.45687994904856,2.40402832192708,2.35498687464052,2.31233604659415,2.27438031073102,2.23673796498606,2.19818485041117
Crecimiento de la población (% anual),SP.POP.GROW,Gibraltar,GIB,-0.335467401178664,0.608002387688838,0.680545834932146,0.682014578820833,0.704515726753998,0.648709365655715,0.650476722168036,0.616718531913922,0.610000565422472,0.556647498332335,0.524507292562688,0.472608484888327
Crecimiento de la población (% anual),SP.POP.GROW,Grecia,GRC,1.05780801198192,0.409041838238246,0.265457836726293,0.263026401346927,0.128880432668041,-0.147951277402184,-0.540752950543684,-0.725120806658085,-0.666113290031891,-0.658861360878339,-0.415913028277122,-0.144406757661553
Crecimiento de la población (% anual),SP.POP.GROW,Groenlandia,GRL,0.54102927282477,0.178094437099469,-0.402186876651222,-0.00887697402292811,1.02802332572502,-0.0263631971297131,-0.14072121935205,-0.577265864735276,-0.333398666658893,-0.322038549275343,0.128227978389047,-0.0267006062623867
Crecimiento de la población (% anual),SP.POP.GROW,Granada,GRD,-0.606777872288738,0.174331895172023,0.331541004165772,0.351541476014736,0.364640812121368,0.379496240948927,0.385646101919749,0.404939292158538,0.424933154285576,0.434369277078617,0.461381223802518,0.47224711502764
Crecimiento de la población (% anual),SP.POP.GROW,Guam,GUM,2.29463874816865,0.889808704567755,0.113246732666783,0.123167428992112,0.133678532498092,0.14665240374435,0.184576355932909,0.25097719418569,0.368455209555819,0.514308801199151,0.676949732148966,0.814983494459748
Crecimiento de la población (% anual),SP.POP.GROW,Guatemala,GTM,2.32995973546316,2.28797737855515,2.20952320211718,2.18803814465705,2.1710395705368,2.15362718283611,2.13202825156564,2.10689204475385,2.07715182146065,2.04426638203996,2.01036784468901,1.97662440108666
Crecimiento de la población (% anual),SP.POP.GROW,Guinea,GIN,4.58000489701531,1.77274380123127,2.21768591573418,2.23558863441907,2.22621161386768,2.20812715550148,2.207402296921,2.23644224075737,2.3040396436434,2.39391686647114,2.48622533008731,2.5585811788215
Crecimiento de la población (% anual),SP.POP.GROW,Guinea-Bissau,GNB,2.3751616338734,1.82105605314879,2.38380919586245,2.44198068478557,2.50113254815474,2.55556836410938,2.59638558146584,2.6122437242866,2.5974983187932,2.56184157330302,2.51932892111307,2.47960680887292
Crecimiento de la población (% anual),SP.POP.GROW,Guyana,GUY,-0.316459785894859,-0.26210110730466,-0.208140577343923,-0.0832435820824026,0.115664355776001,0.340185504339824,0.531358447789029,0.660416965981549,0.698273067269946,0.66858093549162,0.621217096586963,0.587432273534753
Crecimiento de la población (% anual),SP.POP.GROW,Haití,HTI,2.04093130593215,1.70825710573766,1.53819490737395,1.51185785352686,1.47840089583663,1.44395038221528,1.41094772494131,1.37607592289763,1.33965419079303,1.3023871377046,1.2642389661953,1.22680250927908
Crecimiento de la población (% anual),SP.POP.GROW,Honduras,HND,2.890656373479,2.59397299373155,2.11406256990896,2.04138690966164,1.96875093883153,1.89560151330574,1.8277041010682,1.77287379028586,1.73395300173024,1.70642988244152,1.68246258438676,1.65637203554262
Crecimiento de la población (% anual),SP.POP.GROW,"Hong Kong, Región Administrativa Especial",HKG,0.321315033221987,0.881594075853745,0.598238786949717,0.215353334344996,0.734446396338105,0.672543291818633,1.1039579972368,0.401982535858444,0.702370950536049,0.851197911086988,0.619366345332479,0.748222904999017
Crecimiento de la población (% anual),SP.POP.GROW,Hungría,HUN,-1.03311729690015,-0.259764908288633,-0.17509736747488,-0.154908813950621,-0.226013875689698,-0.283360435946948,-0.516437606548041,-0.27536875707442,-0.269378767165116,-0.237855001984657,-0.295110604845478,-0.33575686742665
Crecimiento de la población (% anual),SP.POP.GROW,Islandia,ISL,0.777662198585402,1.36919283329812,1.85957217059918,0.341241978970882,-0.143903000294037,0.305468368224399,0.532100734916982,0.945885900369151,1.11250475522796,1.04194038662969,1.38808149583838,1.72748535367068
Crecimiento de la población (% anual),SP.POP.GROW,India,IND,2.07432072389489,1.77354577407893,1.46968819897229,1.42020343548346,1.36679795698174,1.31187647952483,1.26120551067994,1.21941894433091,1.18932821143382,1.16752707459156,1.14821469272737,1.12707105958419
Crecimiento de la población (% anual),SP.POP.GROW,Indonesia,IDN,1.78145651946598,1.39374013733261,1.35146283598189,1.33806566129783,1.32140494165303,1.30406671416967,1.28419898226833,1.2573268411205,1.22204863107965,1.18101391516764,1.13749371067244,1.09537776465479
Crecimiento de la población (% anual),SP.POP.GROW,"Irán, República Islámica del",IRN,2.6110094671083,1.62997314348261,1.12433246860125,1.14927238666368,1.18708425639044,1.23162503854368,1.2662527441811,1.27601529618808,1.25215631871941,1.20352026096251,1.14878859969196,1.09683807176374
Crecimiento de la población (% anual),SP.POP.GROW,Iraq,IRQ,2.48534961706099,2.95975173559538,2.50782117854462,2.65491675192543,2.86233481026105,3.08667742535173,3.25442374980449,3.32037317258671,3.2604067585994,3.12045010252178,2.96516369602359,2.84090624149766
Crecimiento de la población (% anual),SP.POP.GROW,Irlanda,IRL,0.0844130206737995,1.33304266586712,2.03870801117202,1.01566327592341,0.544884384079014,0.436072439258428,0.4237438032978,0.526556158855653,0.731001376585771,0.944845307474728,1.12883406399428,1.21797612090674
Crecimiento de la población (% anual),SP.POP.GROW,Isla de Man,IMN,1.53297508600483,0.833188217207638,1.03289646773332,1.00216854316219,0.937289244745852,0.85431810837483,0.797956936528481,0.742879091827188,0.701083653860315,0.69620267088381,0.683030024464182,0.654670718928995
Crecimiento de la población (% anual),SP.POP.GROW,Israel,ISR,3.09460300917429,2.64233191305756,1.7765791059698,2.39020733801215,1.82675240987847,1.84807786159597,1.84615132126711,1.86605289478673,1.91954379859591,1.98128897562083,1.9603489624817,1.92839610371026
Crecimiento de la población (% anual),SP.POP.GROW,Italia,ITA,0.0837085729587984,0.045303631138613,0.662469252941527,0.455613449577732,0.30759122234095,0.171978290995717,0.269541239520996,1.1592511168095,0.917504095962437,-0.0963761331392095,-0.169884073301448,-0.125569717512104
Crecimiento de la población (% anual),SP.POP.GROW,Jamaica,JAM,0.683865659151401,0.830808071313104,0.526630114801646,0.49908902061635,0.467082082457756,0.435051015549886,0.405574329613825,0.379954149475738,0.35982505421381,0.343459142543865,0.327499919454895,0.309928736523676
Crecimiento de la población (% anual),SP.POP.GROW,Japón,JPN,0.341370596619248,0.167275578113187,0.0484253945978966,-0.0124946312294096,0.0179605415195644,-0.185226486410846,-0.159710675844347,-0.144271883387076,-0.132694222147042,-0.106124993746747,-0.115284177050088,-0.164484036370785
Crecimiento de la población (% anual),SP.POP.GROW,Jordania,JOR,4.76134789917515,1.74407953381686,4.67846407766532,4.97879913026386,5.16091019202536,5.32136298623551,5.36669088582173,5.13205443147638,4.59753829372987,3.8961312184316,3.18585464489799,2.57399120535817
Crecimiento de la población (% anual),SP.POP.GROW,Kazajstán,KAZ,0.60434266304362,-0.300549816049332,1.21836560954818,2.63700454348895,1.41327147745347,1.43150640921021,1.40867697150121,1.4394454413556,1.47267674313494,1.46148468519161,1.42204614032925,1.35966055679997
Crecimiento de la población (% anual),SP.POP.GROW,Kenya,KEN,3.34331630979555,2.74013580087885,2.75155906438204,2.7432078427851,2.72840571240366,2.71182599842321,2.69316939694823,2.66812165895313,2.6361163551476,2.59933653353207,2.56092539826487,2.52311056260112
Crecimiento de la población (% anual),SP.POP.GROW,Kiribati,KIR,2.16659320763714,1.72076038049387,2.18646868662023,2.13868900896749,2.05105113450242,1.93341542613027,1.8526674296954,1.78672460919147,1.75626565996421,1.74908548931262,1.75311585963494,1.73579813222954
Crecimiento de la población (% anual),SP.POP.GROW,"Corea, República Popular Democrática de",PRK,1.4858685213596,0.863279231849613,0.543310983774329,0.524098754386457,0.524225014712987,0.53007088864334,0.531448393800594,0.529463409935176,0.520483861451136,0.506566972080324,0.492776137047091,0.481109847789118
Crecimiento de la población (% anual),SP.POP.GROW,"Corea, República de",KOR,0.985130494218767,0.836180864297766,0.759316681850927,0.514682827535803,0.49822508440111,0.768971758582589,0.525713660600414,0.455218622164662,0.628149861433639,0.527288497407793,0.451318043969976,0.429345229786812
Crecimiento de la población (% anual),SP.POP.GROW,Kosovo,XKX,1.89759014590056,-3.58212764518173,0.803213477569189,0.803171844793122,0.803248961277754,0.859067492317545,0.789726589213433,1.04153257400227,-0.126169138215933,-1.10388580933698,0.796024103838832,0.795200110124095
Crecimiento de la población (% anual),SP.POP.GROW,Kuwait,KWT,0.127867047148911,4.67547783181054,5.77884667630501,6.09183037845703,6.16125114017792,6.23772451984351,6.21171882331133,5.801761584274,4.98868141274667,3.97406925996328,2.92420619366023,2.05020862742205
Crecimiento de la población (% anual),SP.POP.GROW,Kirguistán,KGZ,1.92448488335946,1.19112592398474,0.950220144755314,1.20726564406139,1.19286442880631,1.21689072909974,1.66523655939962,1.98473866725772,2.0061078993716,2.05902596620676,2.0372244221997,1.98687425189114
Crecimiento de la población (% anual),SP.POP.GROW,República Democrática Popular Lao,LAO,2.85992376727117,1.66541415537822,1.70647694161785,1.63628939281341,1.52020420325314,1.38658273876005,1.28143888637757,1.22990992582027,1.25225854939908,1.32279258936388,1.40642684453142,1.46599628688074
Crecimiento de la población (% anual),SP.POP.GROW,Letonia,LVA,-0.142736397581795,-0.963935407092365,-1.0509395443743,-1.65102496759116,-2.08130508988111,-1.82076700208005,-1.24035915329271,-1.07103480329077,-0.941743354234222,-0.818626340945853,-0.913885332226604,-0.963887720402519
Crecimiento de la población (% anual),SP.POP.GROW,Líbano,LBN,0.981898620572538,2.46319875933037,0.599720273068473,1.73882449811227,3.61493897040946,5.63090300150039,6.90529636697728,7.06101985342841,6.01643946001496,4.33424877066245,2.61757356847748,1.25220998416619
Crecimiento de la población (% anual),SP.POP.GROW,Lesotho,LSO,1.75579046015596,0.977200342574811,0.886095129354892,0.95936706181691,1.05140188598318,1.15064013164475,1.2403344880668,1.3040886319438,1.33349508542395,1.33599800320468,1.3327239193239,1.33051030175139
Crecimiento de la población (% anual),SP.POP.GROW,Liberia,LBR,-1.62193059441523,5.34040153182159,4.18295563717997,3.97495858154322,3.52106240624552,3.04432478829206,2.70010695359434,2.47366901305352,2.40753043252977,2.44960764616366,2.50636265001265,2.52712836609116
Crecimiento de la población (% anual),SP.POP.GROW,Libia,LBY,2.4585364260288,1.53509430439291,1.37593409165659,1.11672375486722,0.782530353839159,0.394107238596532,0.0767768358580047,-0.0369204120819792,0.131257257710439,0.495970849781908,0.930674535288235,1.28457467988888
Crecimiento de la población (% anual),SP.POP.GROW,Liechtenstein,LIE,1.18978203031866,1.34287040948893,0.618096036655233,0.631076182511279,0.660454685156967,0.722324532113412,0.771886429380682,0.78769537410593,0.79231360522745,0.740644738157749,0.700691566528908,0.677358783945653
Crecimiento de la población (% anual),SP.POP.GROW,Lituania,LTU,0.367999030323355,-0.703385440488978,-1.02848317546539,-1.11034575437238,-2.09694341985475,-2.25846389882827,-1.34120198821595,-1.01200736818103,-0.859827343070249,-0.940753796646208,-1.27069453298857,-1.42243765536668
Crecimiento de la población (% anual),SP.POP.GROW,Luxemburgo,LUX,1.25174570700817,1.34408299573143,1.78749663225793,1.85177523043645,1.8254058035237,2.22266050326725,2.40154189982875,2.31117625275217,2.35697870484045,2.35995118136865,2.15531198799205,2.95163975314857
Crecimiento de la población (% anual),SP.POP.GROW,"Región Administrativa Especial de Macao, China",MAC,3.26075375495226,2.21487633295151,2.06750632532795,2.10941962502375,2.1946089306474,2.29573929491577,2.3548485998615,2.3385337251586,2.22227169495604,2.04441261823224,1.85066970508915,1.68461319637167
Crecimiento de la población (% anual),SP.POP.GROW,Ex República Yugoslava de Macedonia,MKD,-0.0321554845652009,0.513647493765249,0.0929144121920078,0.0829209293751659,0.07952013930695,0.0793604478112577,0.0797314544221998,0.0820767437079476,0.084560614915291,0.087230504546974,0.0912387330827853,0.0938438236889566
Crecimiento de la población (% anual),SP.POP.GROW,Madagascar,MDG,2.88620025751485,3.11970869595064,2.85561434637166,2.8235262650441,2.79264732396225,2.7618068074155,2.73374640380636,2.71305071282577,2.70109745083855,2.69457794584709,2.6888707116748,2.68058464646082
Crecimiento de la población (% anual),SP.POP.GROW,Malawi,MWI,3.70080928594383,2.9601464250561,3.06129406831288,3.0594431216314,3.02879445593096,2.99114549389507,2.96121330873849,2.93731934371,2.92294017355582,2.91437123952798,2.90481860513923,2.89029019490127
Crecimiento de la población (% anual),SP.POP.GROW,Malasia,MYS,2.82441823263092,2.30944003320102,1.80597340619073,1.80686952608076,1.81960217613464,1.84274041907181,1.85222003666272,1.82170012344616,1.73957920597507,1.62473952781179,1.49932335842914,1.39148356363892
Crecimiento de la población (% anual),SP.POP.GROW,Maldivas,MDV,3.01061822755274,2.12671207366404,2.63814549240785,2.70102403204337,2.78455624771564,2.87185689812307,2.90878396590387,2.85726430601736,2.69366023648438,2.45726995119739,2.21078566616979,1.9845898234416
Crecimiento de la población (% anual),SP.POP.GROW,Malí,MLI,1.85590551865616,2.81060705244976,3.32678238377069,3.25917903698892,3.15701050954501,3.04376040564155,2.95245252434759,2.90096024311252,2.90103100869125,2.93397742028047,2.9719686325901,2.99524671336318
Crecimiento de la población (% anual),SP.POP.GROW,Malta,MLT,0.978313699279678,0.645267230900854,0.650655460565174,0.753906931031973,0.49118281065151,0.423700885195294,0.899209211902256,1.4040502758129,1.9967544083193,2.38639536345808,2.28861544064371,2.15856348898182
Crecimiento de la población (% anual),SP.POP.GROW,Islas Marshall,MHL,3.18782900394434,0.153494916838631,0.155239358472515,0.195144411351163,0.200486963904027,0.222927298015873,0.230027191394767,0.246548448360723,0.198692480048187,0.181316863031463,0.135772225269592,0.114885174558194
Crecimiento de la población (% anual),SP.POP.GROW,Mauritania,MRT,2.70149747962628,3.01834660430125,2.82379154053421,2.85670112219075,2.90232435136587,2.95164944013897,2.98295373995472,2.98182849396618,2.94025367689978,2.87231125722308,2.7980601250792,2.7329585316341
Crecimiento de la población (% anual),SP.POP.GROW,Mauricio,MUS,0.712313471132199,0.982676166064297,0.361630847401639,0.265537672832765,0.237886692890185,0.160140420765724,0.277321025514609,0.220398691741504,0.181061469451535,0.132433082605329,0.0687231379365168,0.0901868114668421
Crecimiento de la población (% anual),SP.POP.GROW,México,MEX,1.96389203586837,1.40492582085307,1.61908453538643,1.60883413749111,1.55804244678539,1.49834350544963,1.44909349909756,1.40340238552923,1.36624560463928,1.33489806551294,1.30173094113147,1.26439519699852
Crecimiento de la población (% anual),SP.POP.GROW,Micronesia (Estados Federados de),FSM,2.3527778613484,-0.3567981187984,-0.572640859328172,-0.497031315201108,-0.331445171811962,-0.14293718993093,0.0338211636737707,0.192080365998875,0.301371805775894,0.401059794567854,0.481445262946654,0.57677574959845
Crecimiento de la población (% anual),SP.POP.GROW,República de Moldova,MDA,0.406669938255361,-0.203359857023458,-0.190345177630993,-0.126238295439487,-0.0998646340688359,-0.0578205867782477,-0.0131188896045369,-0.0267768650049581,-0.0609701011007674,-0.0643836149210277,-0.0606242970008353,-0.0620696123285471
Crecimiento de la población (% anual),SP.POP.GROW,Mónaco,MCO,0.432333740074648,0.882883540851835,2.09127738641303,1.88160883016383,1.52118976126033,1.08056983090994,0.759833623829305,0.496344446393332,0.423111415291069,0.457882247932216,0.499961981977978,0.507812579198862
Crecimiento de la población (% anual),SP.POP.GROW,Mongolia,MNG,1.9947701447943,0.891325195143673,1.39704916030083,1.51644958536763,1.64885738501064,1.78537874180971,1.89074638945247,1.9313563339188,1.89161420109324,1.79577908787101,1.68287402949855,1.58117809169789
Crecimiento de la población (% anual),SP.POP.GROW,Montenegro,MNE,-0.0328127540676757,-0.0279740186992493,0.177475866720179,0.214529295893828,0.183239906425096,0.10504177223011,0.0841474080023094,0.097599636675676,0.0970220113323688,0.0561107244885728,0.0231425307711559,0.026992851878347
Crecimiento de la población (% anual),SP.POP.GROW,Marruecos,MAR,1.85783015878511,1.1673675360212,1.18103201381626,1.23625438766317,1.30357443538642,1.37644147892187,1.43512738833958,1.46217775386915,1.44790425119677,1.40404547173424,1.35122852209619,1.30336309078287
Crecimiento de la población (% anual),SP.POP.GROW,Mozambique,MOZ,1.42956117830082,2.70862778301932,2.92401815346134,2.92146292741308,2.92128916415123,2.91962973546318,2.91472612719143,2.90848280434953,2.90069572870848,2.89141684197945,2.8812077244991,2.86987986018184
Crecimiento de la población (% anual),SP.POP.GROW,Myanmar,MMR,1.516347430098,1.21358530961933,0.62475990416533,0.64653039706936,0.710723543924855,0.788682930858104,0.853826227949865,0.901423211357024,0.920921765027,0.919199181226726,0.914735350798747,0.91362397180206
Crecimiento de la población (% anual),SP.POP.GROW,Namibia,NAM,3.94764057290617,2.19395119720766,1.26414330449709,1.44532334519967,1.67652370814964,1.93457943050017,2.15712825954833,2.29620515794039,2.3242373421871,2.27544048667904,2.20799898330786,2.15749565244757
Crecimiento de la población (% anual),SP.POP.GROW,Nauru,NRU,2.21998183077,-0.0298849431919683,-0.551407482643519,-0.0201085864341303,0.801206088669733,0.318693626971053,2.18340695684415,5.13857115587268,9.10923095078517,5.11456415402191,4.49848608425274,4.49547563939486
Crecimiento de la población (% anual),SP.POP.GROW,Nepal,NPL,2.46155011205517,1.84891817908859,0.990740701038185,0.996848322353539,1.04916050907034,1.11871787326644,1.17424117757524,1.20567141575732,1.20029747230758,1.16899817730387,1.13288638478586,1.10565316918355
Crecimiento de la población (% anual),SP.POP.GROW,Países Bajos,NLD,0.688603823438797,0.714770362784392,0.389292461499527,0.514284544827762,0.512923100553586,0.466428782200821,0.370055034770235,0.294820793441482,0.359828172726548,0.443220089035769,0.532178879608489,0.600297419284211
Crecimiento de la población (% anual),SP.POP.GROW,Nueva Caledonia,NCL,2.36898913568499,1.90137437804069,1.45230768383707,1.30961560699145,1.53321542873142,1.82508537401111,1.81167904307637,1.77944042769409,1.65510642970682,1.60980440018105,1.51200621653298,1.40394758578176
Crecimiento de la población (% anual),SP.POP.GROW,Nueva Zelandia,NZL,0.92322272881111,0.587564086381346,0.848701402422591,0.999728031208421,1.1117260560215,0.762479795105218,0.548220797298334,0.768347998194806,1.51033948544577,1.88904512495193,2.09935688627085,2.12296238197075
Crecimiento de la población (% anual),SP.POP.GROW,Nicaragua,NIC,2.17818005122711,1.54639156708135,1.30257354797439,1.28008928798093,1.24765041069789,1.21428435729502,1.18595188777772,1.16113698729788,1.14134116727036,1.12497581944097,1.11010305082489,1.09405499220103
Crecimiento de la población (% anual),SP.POP.GROW,Níger,NER,3.09070634494405,3.63384761882935,3.74790205880155,3.77198082878993,3.79496318310688,3.81684979128864,3.8342024096963,3.84326233263972,3.84268093441677,3.83574988457312,3.82606646670245,3.8170926127811
Crecimiento de la población (% anual),SP.POP.GROW,Nigeria,NGA,2.57903723361845,2.50339743975096,2.64896708696089,2.66122133492306,2.6687468571641,2.67475496243975,2.67765922167605,2.67291860643002,2.65955070115917,2.64035713540557,2.61903352559025,2.59870472229877
Crecimiento de la población (% anual),SP.POP.GROW,Mariana,MNP,6.63298969756389,1.95696385487716,-3.56105488548614,-3.10709756276885,-2.27080185563376,-1.17920227872403,-0.126506937544522,0.59023502273609,0.796288215489398,0.636874887938042,0.376915749529585,0.219666594634541
Crecimiento de la población (% anual),SP.POP.GROW,Noruega,NOR,0.344151412835214,0.649044821192665,1.24633301535167,1.2611272893768,1.24566617956207,1.297189390693,1.31344098868985,1.20914158930136,1.12773667734928,1.02653332022962,0.849521232088731,0.907207330549304
Crecimiento de la población (% anual),SP.POP.GROW,Omán,OMN,3.9967946173705,0.578080894655876,3.55094395744781,4.39379309966297,5.35263627653983,6.23921009396928,6.78801214345558,6.88211026774932,6.50465955097181,5.85617023227651,5.21772055318657,4.669194641437
Crecimiento de la población (% anual),SP.POP.GROW,Pakistán,PAK,2.9117487007301,2.27638338441387,2.04442812140506,2.0593633097355,2.07975534677765,2.10255250784699,2.11726879973267,2.11398694303088,2.08779242867002,2.04540725481691,1.99856259439394,1.95408019712084
Crecimiento de la población (% anual),SP.POP.GROW,Palau,PLW,2.21821794097892,1.55571540404135,0.555226490801842,0.561993098566773,0.627268546979374,0.628213125473391,0.768918361516527,0.777392465362503,0.828300065770022,0.915489382096548,1.00489266078635,1.04553135980469
Crecimiento de la población (% anual),SP.POP.GROW,Panamá,PAN,2.10693817824368,1.97122324936008,1.79230989792463,1.77907980471464,1.76774570105356,1.75653992173442,1.74201541263202,1.72177572362972,1.69263169424324,1.65788255598459,1.62110303145586,1.58543418106785
Crecimiento de la población (% anual),SP.POP.GROW,Papua Nueva Guinea,PNG,2.52175866820289,2.57665535081221,2.37452387770976,2.33376839457432,2.28802798506389,2.24120700795836,2.19717653315635,2.15706213154454,2.12300259824567,2.09300931009046,2.06402702332897,2.03446590573128
Crecimiento de la población (% anual),SP.POP.GROW,Paraguay,PRY,2.64106675444296,2.01467112283793,1.34782927812537,1.32602033266757,1.32992561181312,1.34212317819651,1.34833553025044,1.34717920934071,1.33420075039613,1.31197982948015,1.28984497330693,1.27048335443972
Crecimiento de la población (% anual),SP.POP.GROW,Perú,PER,2.1197391467776,1.37378327060112,1.22688046618203,1.24743203725477,1.27500836314038,1.30669625562085,1.33174183912562,1.3396729960561,1.32482977815291,1.293736852337,1.25786232511699,1.2250705001708
Crecimiento de la población (% anual),SP.POP.GROW,Filipinas,PHL,2.54303548856739,2.14585451292258,1.62004279897735,1.60575454091899,1.61957314710249,1.64160145671962,1.65369034961466,1.65287532839452,1.63281924948264,1.59959919746382,1.56449713137855,1.53468335971281
Crecimiento de la población (% anual),SP.POP.GROW,Polonia,POL,0.392398205207372,-1.04433539837844,0.0136373796827091,0.067763227021235,-0.285609121534849,0.0537697088781007,-0.000239076003298365,-0.0603600174744649,-0.0748462292920506,-0.0666411009657168,-0.04298513087435,0.0151528861718877
Crecimiento de la población (% anual),SP.POP.GROW,Portugal,PRT,-0.217948479672573,0.702859953319024,0.144191279853498,0.0953308592370666,0.0459100367184907,-0.147084878575482,-0.405421787747567,-0.548815210952228,-0.539190466792077,-0.414141101993213,-0.315459016997883,-0.307810887208188
Crecimiento de la población (% anual),SP.POP.GROW,Puerto Rico,PRI,0.890295757233682,0.276558688867414,-0.58667739163101,-0.54540189449208,-0.506170056982176,-1.15654029293994,-1.20998793422288,-1.14593097838135,-1.6331283312239,-1.76079181017127,-1.93784947041446,-2.05660023263167
Crecimiento de la población (% anual),SP.POP.GROW,Qatar,QAT,3.10688252544275,3.92918322562974,15.5185397571342,13.5394208214357,11.2206863282288,9.24508262787044,7.76010356468356,6.4657229155433,5.36123596355156,4.41261562420118,3.49506991849135,2.66503774458275
Crecimiento de la población (% anual),SP.POP.GROW,Rumania,ROU,0.17417662808295,-0.129440039806255,-1.66638264306554,-0.833088754778975,-0.593959183588628,-0.491866212866043,-0.445177936198383,-0.371323062878035,-0.374575497762261,-0.470733511049937,-0.572649651464877,-0.589445979577618
Crecimiento de la población (% anual),SP.POP.GROW,Federación de Rusia,RUS,0.385794345665368,-0.420566975310993,-0.0439422615372963,0.0301140670621249,0.0448873898392816,0.0779670984684485,0.168301590750173,0.212923595008292,0.217700100552035,0.192558641823423,0.17024454590112,0.105698218493872
Crecimiento de la población (% anual),SP.POP.GROW,Rwanda,RWA,0.273598814884366,5.53910203298889,2.72279129627391,2.73594497128424,2.66424148029303,2.59350979097899,2.5608813026541,2.52871485554597,2.5007965300158,2.47409453666555,2.44590486681057,2.41162334022622
Crecimiento de la población (% anual),SP.POP.GROW,Samoa,WSM,0.534378734211394,0.49086545247667,0.677946458461816,0.705849512106435,0.743337537684206,0.781024110863586,0.811448520388076,0.822742309759147,0.800428242355048,0.761046960502114,0.702526006807934,0.671666233544779
Crecimiento de la población (% anual),SP.POP.GROW,San Marino,SMR,1.26825047129206,1.1813616498238,1.23990449355596,1.21820938695473,1.25177511481354,1.2585210987224,1.29302630914657,1.211532018433,1.08991226700701,0.923547719863539,0.734552824460559,0.591566669677813
Crecimiento de la población (% anual),SP.POP.GROW,Santo Tomé y Príncipe,STP,2.00964549763517,1.98190769358248,2.31030777710925,2.3096672283132,2.29357631535468,2.27627087156222,2.26115486946117,2.24698181822188,2.23158997218063,2.21663130907199,2.2035822838881,2.18543864140561
Crecimiento de la población (% anual),SP.POP.GROW,Arabia Saudita,SAU,3.55911572548267,2.28904622887898,2.6887969213429,2.7404414842004,2.82593777247208,2.9189641952185,2.95999357738822,2.90756341891942,2.74137581980351,2.50413725725879,2.25142247448685,2.03192507950024
Crecimiento de la población (% anual),SP.POP.GROW,Senegal,SEN,3.05067584104725,2.4383685309949,2.74464166656871,2.80334872242835,2.86908520486472,2.9347871253519,2.98197693811671,2.99626713769216,2.97087779692571,2.9191617728831,2.86060906352125,2.80838915230027
Crecimiento de la población (% anual),SP.POP.GROW,Serbia,SRB,0.0659326192540292,-0.319524801286905,-0.425705551624613,-0.400994905201716,-0.402005900874718,-0.789468997859736,-0.485299545092705,-0.486591387059998,-0.469489291237153,-0.494772574469842,-0.523694463062603,-0.512110341897349
Crecimiento de la población (% anual),SP.POP.GROW,Seychelles,SYC,0.490359665520713,0.892658566766174,2.23628271543202,0.39253094807516,2.79232906929128,-2.62865635521684,0.980980190128322,1.84687609296508,1.55539570911507,2.22979505321923,1.33763477950025,1.22403375818123
Crecimiento de la población (% anual),SP.POP.GROW,Sierra Leona,SLE,1.46650834416568,2.81050702180457,2.46228017215379,2.32284047131551,2.32542756052049,2.34084411547841,2.30856965157102,2.27908646171326,2.24393810839476,2.20546712296856,2.17547924087244,2.15373363486272
Crecimiento de la población (% anual),SP.POP.GROW,Singapur,SGP,3.88909360745296,1.73204223254257,5.32151708302623,3.0159499147579,1.77183287926401,2.08490245606007,2.45339033031018,1.61930809858875,1.29844017799226,1.18637693749822,1.29743609938602,0.0885954699924263
Crecimiento de la población (% anual),SP.POP.GROW,Sint Maarten (Dutch part),SXM,..,-1.83437768672749,0.451494680650392,0.803499821546966,-0.532990982673547,-1.84029730199093,3.54058281882925,5.52303952564313,2.90226583447676,2.97764748074818,2.90655415432695,2.8122921985989
Crecimiento de la población (% anual),SP.POP.GROW,República Eslovaca,SVK,0.439617094726275,-0.135376487794425,0.0857552995195914,0.133257321027673,0.0931912731899838,0.128936462723796,0.170183855326072,0.107458009492367,0.0970454215834878,0.0950338786482762,0.128922329956911,0.167312325554938
Crecimiento de la población (% anual),SP.POP.GROW,Eslovenia,SVN,0.0906243427921073,0.29607496005045,0.158140843634363,0.903875535210913,0.43607948463593,0.207732702329724,0.210024305900448,0.135726228915631,0.0983519219451147,0.075190689011533,0.0731972072415279,0.0825792258051985
Crecimiento de la población (% anual),SP.POP.GROW,Islas Salomón,SLB,2.79227951563249,2.71982393038979,2.31347862794371,2.27376054763719,2.24386227810355,2.21555918225184,2.18439783076812,2.14923558620604,2.10557753043035,2.05994286354512,2.01152454941326,1.96973237099163
Crecimiento de la población (% anual),SP.POP.GROW,Somalia,SOM,1.3463947091212,3.28534806966502,2.95167705451534,2.935688531866,2.90605783404768,2.87453553646803,2.85337104868487,2.84674166839281,2.85828597763128,2.88120539751956,2.90437182654536,2.92188314012906
Crecimiento de la población (% anual),SP.POP.GROW,Sudáfrica,ZAF,2.20635186293045,1.47499416218668,1.04677249194791,1.10214719927287,1.19711267449026,1.30741371948568,1.39596591835558,1.44090651546059,1.4259250442763,1.36877044097017,1.30137401321457,1.24487837812685
Crecimiento de la población (% anual),SP.POP.GROW,Sudán del Sur,SSD,-0.156192936660871,4.49916111869462,4.48571266694344,4.30546310689971,4.01845364800142,3.72107746566152,3.474266786699,3.2666672165988,3.11346113549839,2.99995499264346,2.89155414538035,2.78158564915929
Crecimiento de la población (% anual),SP.POP.GROW,España,ESP,0.101828842607043,0.447137014535835,1.59533049906372,0.88573598057307,0.460408305051304,0.355338396471428,0.0649259625617232,-0.327669039579687,-0.298951059088036,-0.077588861590047,0.0844301500680736,0.18906022421955
Crecimiento de la población (% anual),SP.POP.GROW,Sri Lanka,LKA,1.27177841403097,0.602575193660151,0.679351091596139,0.645934455608924,0.612152267067094,0.575929982986052,0.539927448664296,0.780301447580142,0.899512787210326,0.934429493640965,1.12406030700326,1.13022048648777
Crecimiento de la población (% anual),SP.POP.GROW,Saint Kitts y Nevis,KNA,-0.0440712001844455,1.21955435116856,1.0967497439414,1.09467788778964,1.09254392201555,1.08458207127456,1.11859059018176,1.09305172987753,1.06634751599625,1.01642131407996,0.977012418408532,0.951298861162768
Crecimiento de la población (% anual),SP.POP.GROW,Santa Lucía,LCA,1.62620631152831,1.13867327100721,1.14827655118563,1.05925597017242,0.906869388208226,0.722841848097321,0.575335645013515,0.470763647770164,0.432287561716184,0.443971353675587,0.455491876162901,0.464610107213174
Crecimiento de la población (% anual),SP.POP.GROW,Isla de San Martín (parte francesa),MAF,8.18310506010729,-3.19325438012235,1.61634239036405,1.50012948985123,1.38208843885839,1.24898912047415,1.11736635283587,0.980352740209572,0.847219769659737,0.707922809835042,0.612217977386481,0.54936617861992
Crecimiento de la población (% anual),SP.POP.GROW,San Vicente y las Granadinas,VCT,0.392378491111796,0.0166838139585517,0.108151716222619,0.0805794437835431,0.0567329175935609,0.0237816479973548,-0.0118901170402003,-0.00731769785552622,0.0338398645976295,0.0895746179849595,0.171612745109297,0.231393015698368
Crecimiento de la población (% anual),SP.POP.GROW,Sudán,SDN,3.39218161340522,2.38972363509063,2.06319520900434,2.08734059484114,2.16169776110491,2.24686428837662,2.31293852304033,2.36069365034849,2.38118455988502,2.38246909564974,2.38043988706363,2.38302698057069
Crecimiento de la población (% anual),SP.POP.GROW,Suriname,SUR,1.97784786891851,1.14692339667483,1.06221110293239,1.05642502256737,1.04785228136074,1.03736233167291,1.02708390536804,1.0120341986514,0.988207603930652,0.959016954732727,0.928418221380041,0.89751620959064
Crecimiento de la población (% anual),SP.POP.GROW,Swazilandia,SWZ,3.38758112259221,1.50342374721161,1.78150568664154,1.86176181336597,1.8601612583229,1.84635126558583,1.85174304319673,1.84938359858839,1.84228953374853,1.82966175303745,1.80966724877317,1.78254629816248
Crecimiento de la población (% anual),SP.POP.GROW,Suecia,SWE,0.772602675661167,0.160575484575313,0.779033290770134,0.851904412936677,0.852524628765313,0.755150133665177,0.739763272434863,0.847348652246305,0.992219728591882,1.05745468551674,1.25645398510305,1.44727890007541
Crecimiento de la población (% anual),SP.POP.GROW,Suiza,CHE,1.02687307219521,0.561954617400164,1.27061807385776,1.24948463127384,1.0415580576588,1.11187894263206,1.06181932886789,1.14987975781229,1.22010397343287,1.13833715247736,1.09203117387253,1.10075398722708
Crecimiento de la población (% anual),SP.POP.GROW,República Árabe Siria,SYR,2.98250786085424,2.43486127621747,3.46715084687792,2.42755989701774,0.926984294572979,-0.739404269216313,-2.14757090016331,-3.04056434045296,-3.10722942472029,-2.46784652277199,-1.63883874873426,-0.875120546475725
Crecimiento de la población (% anual),SP.POP.GROW,Tayikistán,TJK,2.56734476638902,1.64334656460879,2.17601962485099,2.20662403605216,2.23386270801273,2.25554584347004,2.26577114602006,2.26001652234773,2.23624561579731,2.19867702385895,2.15588412311325,2.11141618431339
Crecimiento de la población (% anual),SP.POP.GROW,Tanzanía,TZA,3.1887224621309,2.62800804294866,3.16112249027247,3.17100977731565,3.16094055989423,3.14388862506075,3.129140975329,3.11618546906733,3.10757241505603,3.10082930827375,3.0924540737403,3.07923658844019
Crecimiento de la población (% anual),SP.POP.GROW,Tailandia,THA,1.40192637901328,1.03999932398612,0.527560923795048,0.503805274032711,0.487642631189843,0.476955828667069,0.46367738206719,0.439874966693248,0.400860710627252,0.351383331951187,0.299465511725956,0.252353584486131
Crecimiento de la población (% anual),SP.POP.GROW,Timor-Leste,TLS,2.76265617301272,0.96122883707916,1.22600613699799,1.28205998097131,1.59613710475529,1.95730339298343,2.20584807934916,2.3584616637277,2.37356690597733,2.29556932349861,2.20709232495495,2.15526424183978
Crecimiento de la población (% anual),SP.POP.GROW,Togo,TGO,2.69152572846045,2.9537049557275,2.70447526003142,2.70065054449489,2.68814287140674,2.67542690905839,2.66214319409888,2.63949038359651,2.60621232342394,2.56590112157953,2.52386130350538,2.48414689557551
Crecimiento de la población (% anual),SP.POP.GROW,Tonga,TON,0.235687864912009,0.501858744472401,0.631082820222246,0.579840837789494,0.513140082648029,0.421630223013924,0.35699323928154,0.358571615744141,0.43010818993907,0.548680116609437,0.710119806735524,0.834802330638377
Crecimiento de la población (% anual),SP.POP.GROW,Trinidad y Tobago,TTO,0.679609961025969,0.25339968920216,0.465742324885651,0.473722818873662,0.489260587751924,0.502312831972467,0.508150919923854,0.495198488665486,0.462124274131652,0.412512994782257,0.357424490275184,0.304526024019675
Crecimiento de la población (% anual),SP.POP.GROW,Túnez,TUN,2.23379500171868,0.989028438601784,1.05527922652734,1.09415846198995,1.11614722142513,1.13578848003163,1.1567037617795,1.16789310016067,1.16751285301122,1.15761391416638,1.14291070797962,1.12385654480134
Crecimiento de la población (% anual),SP.POP.GROW,Turquía,TUR,1.73839214599302,1.5180955579696,1.20362374299187,1.26840177842845,1.37505586908402,1.48564276481,1.56837559565774,1.61946698707746,1.62719411336179,1.59800853352441,1.57301169985338,1.53829770411437
Crecimiento de la población (% anual),SP.POP.GROW,Turkmenistán,TKM,2.69896034347202,1.11329442069256,1.3385000145043,1.45195814616992,1.57028969646116,1.69283267251499,1.7962348118784,1.85141504595733,1.8456805286165,1.7956839392161,1.73252445295465,1.67299562627925
Crecimiento de la población (% anual),SP.POP.GROW,Islas Turcas y Caicos,TCA,4.74190477925425,5.49448147181454,2.89416459559546,2.5584893510478,2.44627558062657,2.35004836488823,2.1820634475799,2.06601895333249,1.88794932440652,1.76272962189883,1.62050947221785,1.55235824245664
Crecimiento de la población (% anual),SP.POP.GROW,Tuvalu,TUV,0.623957456088085,0.799364768074558,0.942532362588543,0.972049422769016,0.858292509048678,0.916873949910695,0.90854369165135,0.872638289135569,0.819261727790581,0.848971277395654,0.868862376112805,0.852443584475346
Crecimiento de la población (% anual),SP.POP.GROW,Uganda,UGA,3.45851621050677,3.23952340224939,3.44880260962437,3.43941839521389,3.4290027639141,3.41588294750665,3.3984795944578,3.37676596051809,3.35065035255058,3.32155568607893,3.29087238084198,3.26046178844302
Crecimiento de la población (% anual),SP.POP.GROW,Ucrania,UKR,0.229585785502113,-1.00659633215862,-0.541462210878232,-0.443932416886605,-0.397285236005943,-0.359480080664232,-0.247099230432045,-0.227704749863191,-0.479615926390299,-0.260805737589124,-0.331380509661391,-0.386229560904763
Crecimiento de la población (% anual),SP.POP.GROW,Emiratos Árabes Unidos,ARE,5.76070493521912,5.43062412514552,13.1614662478891,10.6154438769895,7.58709832289201,4.7437002981809,2.59479571367044,1.18180498875127,0.714762520858884,0.915608331412884,1.25175905246942,1.39835914347815
Crecimiento de la población (% anual),SP.POP.GROW,Reino Unido,GBR,0.298930554095876,0.357300887421605,0.787032622318939,0.756390859593407,0.783888646646516,0.781677289298684,0.695315842711388,0.669533807456598,0.753349499398544,0.794967909295267,0.714030265261993,0.648406783601487
Crecimiento de la población (% anual),SP.POP.GROW,Estados Unidos,USA,1.12965052045579,1.11276899679534,0.945865287282592,0.876651298802912,0.83326258638082,0.742651798264185,0.750914976335014,0.711248386684869,0.752305212009722,0.755812954934385,0.734307439742705,0.712729409498835
Crecimiento de la población (% anual),SP.POP.GROW,Uruguay,URY,0.677695495416171,0.359758677020135,0.331302666886374,0.355429274321626,0.346139748345401,0.331625609634214,0.328880880172471,0.330003523687472,0.338071762249168,0.350484324996242,0.362269174964804,0.369351256234469
Crecimiento de la población (% anual),SP.POP.GROW,Uzbekistán,UZB,2.62244935121727,1.38374682096563,1.60532736295221,1.687340968602,2.82284968340424,2.68401550537804,1.47209998811321,1.56190433294848,1.68690035915161,1.74425837484667,1.73884926199094,1.67918372339528
Crecimiento de la población (% anual),SP.POP.GROW,Vanuatu,VUT,2.61515578618053,2.02950132945844,2.41964855707932,2.38761684514075,2.35944832386145,2.33235017535587,2.2945447931917,2.26006219879483,2.22981472484446,2.19818461371525,2.16791511060967,2.13747925479187
Crecimiento de la población (% anual),SP.POP.GROW,Venezuela,VEN,2.41341855885111,1.89485944421379,1.61101987084967,1.57108701919158,1.52986504361861,1.48830973409489,1.44818998940187,1.41095665183251,1.37753895895118,1.34670754707535,1.3170572501016,1.28693075208341
Crecimiento de la población (% anual),SP.POP.GROW,Viet Nam,VNM,2.1520208191984,1.12000814865548,0.948122245158502,0.984216601885135,1.03058822083925,1.08385814434401,1.12875213035223,1.1496100939428,1.13799856517651,1.10324717319937,1.06039221740654,1.02228932406799
Crecimiento de la población (% anual),SP.POP.GROW,Islas Vírgenes (EE.UU.),VIR,2.85086915459893,0.0395873712251061,0.0553663884807677,0.00553495323105066,-0.0433653351693259,-0.0609277655589285,-0.0933098740577038,-0.135963209143153,-0.148197574453849,-0.161414545654573,-0.185856386554205,-0.225349060342092
Crecimiento de la población (% anual),SP.POP.GROW,Ribera Occidental y Gaza,PSE,..,2.55523569844846,2.88242627238187,2.89186775032672,2.89862866566735,2.99703763622659,3.00626405051232,2.9846160535681,2.95799495489124,2.92469071065949,2.88469293512819,2.88469662660913
Crecimiento de la población (% anual),SP.POP.GROW,"Yemen, Rep. del",YEM,4.52804299527849,2.81770261311538,2.74246830508783,2.72913469549726,2.71303386256953,2.69736657711114,2.67605024749642,2.63989168131592,2.58590538315139,2.52025404515955,2.45150204297636,2.3864708419352
Crecimiento de la población (% anual),SP.POP.GROW,Zambia,ZMB,2.69499522286942,2.80705843058242,2.76316569621419,2.81793339341938,2.88315226585892,2.95042644152226,3.00513283440094,3.03691826386271,3.04021077215453,3.02412325317169,3.00281551523404,2.98512436170626
Crecimiento de la población (% anual),SP.POP.GROW,Zimbabwe,ZWE,2.79394701644373,1.2987820124466,1.70010630725736,1.84249703137491,1.97675598375432,2.10967230476873,2.22830615820367,2.30936630621794,2.34479907008461,2.34564297057005,2.3360695495183,2.32286399154265
,,,,,,,,,,,,,,,
,,,,,,,,,,,,,,,
,,,,,,,,,,,,,,,
Data from Database: Indicadores del desarrollo mundial,,,,,,,,,,,,,,,
Last Updated: 06/28/2018,,,,,,,,,,,,,,,
